AgencyID,AgencyName,AgencyStartDate,WorkLocationBorough
2120,OFFICE OF EMERGENCY MANAGEMENT,2018-02-26,BROOKLYN
2120,OFFICE OF EMERGENCY MANAGEMENT,2019-08-12,BROOKLYN
2120,OFFICE OF EMERGENCY MANAGEMENT,2010-08-02,BROOKLYN
2120,OFFICE OF EMERGENCY MANAGEMENT,2007-01-16,BROOKLYN
2120,OFFICE OF EMERGENCY MANAGEMENT,2011-04-17,BROOKLYN
2120,OFFICE OF EMERGENCY MANAGEMENT,1994-05-24,BROOKLYN
2120,OFFICE OF EMERGENCY MANAGEMENT,2019-02-04,BROOKLYN
2120,OFFICE OF EMERGENCY MANAGEMENT,2006-07-31,BROOKLYN
2120,OFFICE OF EMERGENCY MANAGEMENT,2004-10-01,BROOKLYN
2120,OFFICE OF EMERGENCY MANAGEMENT,2008-03-24,BROOKLYN
2120,OFFICE OF EMERGENCY MANAGEMENT,2020-01-27,BROOKLYN
2120,OFFICE OF EMERGENCY MANAGEMENT,2013-12-09,BROOKLYN
2120,OFFICE OF EMERGENCY MANAGEMENT,2005-07-01,BROOKLYN
2120,OFFICE OF EMERGENCY MANAGEMENT,1989-02-14,BROOKLYN
2120,OFFICE OF EMERGENCY MANAGEMENT,2015-05-18,BROOKLYN
2120,OFFICE OF EMERGENCY MANAGEMENT,2003-07-01,BROOKLYN
2120,OFFICE OF EMERGENCY MANAGEMENT,2014-10-20,BROOKLYN
2120,OFFICE OF EMERGENCY MANAGEMENT,1992-08-31,BROOKLYN
2120,OFFICE OF EMERGENCY MANAGEMENT,2000-07-10,BROOKLYN
2120,OFFICE OF EMERGENCY MANAGEMENT,2016-01-11,BROOKLYN
2120,OFFICE OF EMERGENCY MANAGEMENT,2003-04-28,BROOKLYN
2120,OFFICE OF EMERGENCY MANAGEMENT,2000-11-21,BROOKLYN
2120,OFFICE OF EMERGENCY MANAGEMENT,2005-08-01,BROOKLYN
2120,OFFICE OF EMERGENCY MANAGEMENT,2016-03-21,BROOKLYN
2120,OFFICE OF EMERGENCY MANAGEMENT,2018-01-08,BROOKLYN
2120,OFFICE OF EMERGENCY MANAGEMENT,2009-07-01,BROOKLYN
2120,OFFICE OF EMERGENCY MANAGEMENT,2018-09-10,BROOKLYN
2120,OFFICE OF EMERGENCY MANAGEMENT,1997-07-28,BROOKLYN
2120,OFFICE OF EMERGENCY MANAGEMENT,2006-07-17,BROOKLYN
2120,OFFICE OF EMERGENCY MANAGEMENT,1998-05-18,BROOKLYN
2120,OFFICE OF EMERGENCY MANAGEMENT,2014-08-04,BROOKLYN
2120,OFFICE OF EMERGENCY MANAGEMENT,2008-12-01,BROOKLYN
2120,OFFICE OF EMERGENCY MANAGEMENT,2018-04-02,BROOKLYN
2120,OFFICE OF EMERGENCY MANAGEMENT,2015-11-16,BROOKLYN
2120,OFFICE OF EMERGENCY MANAGEMENT,2017-05-08,BROOKLYN
2120,OFFICE OF EMERGENCY MANAGEMENT,2013-07-01,BROOKLYN
2120,OFFICE OF EMERGENCY MANAGEMENT,2007-06-24,BROOKLYN
2120,OFFICE OF EMERGENCY MANAGEMENT,2004-01-05,BROOKLYN
2120,OFFICE OF EMERGENCY MANAGEMENT,2017-12-31,BROOKLYN
2120,OFFICE OF EMERGENCY MANAGEMENT,1998-09-14,BROOKLYN
2120,OFFICE OF EMERGENCY MANAGEMENT,2006-07-03,BROOKLYN
2120,OFFICE OF EMERGENCY MANAGEMENT,2000-08-21,BROOKLYN
2120,OFFICE OF EMERGENCY MANAGEMENT,2000-07-24,BROOKLYN
2120,OFFICE OF EMERGENCY MANAGEMENT,1999-10-18,BROOKLYN
2120,OFFICE OF EMERGENCY MANAGEMENT,2015-08-17,BROOKLYN
2120,OFFICE OF EMERGENCY MANAGEMENT,2020-08-17,BROOKLYN
2120,OFFICE OF EMERGENCY MANAGEMENT,1999-07-07,BROOKLYN
2120,OFFICE OF EMERGENCY MANAGEMENT,2004-11-15,BROOKLYN
2120,OFFICE OF EMERGENCY MANAGEMENT,2019-09-03,BROOKLYN
2120,OFFICE OF EMERGENCY MANAGEMENT,1986-04-01,BROOKLYN
2120,OFFICE OF EMERGENCY MANAGEMENT,2018-11-05,BROOKLYN
2120,OFFICE OF EMERGENCY MANAGEMENT,2016-09-19,BROOKLYN
2120,OFFICE OF EMERGENCY MANAGEMENT,2004-05-03,BROOKLYN
2120,OFFICE OF EMERGENCY MANAGEMENT,2020-09-01,BROOKLYN
2120,OFFICE OF EMERGENCY MANAGEMENT,2012-07-02,BROOKLYN
2120,OFFICE OF EMERGENCY MANAGEMENT,2016-08-08,BROOKLYN
2120,OFFICE OF EMERGENCY MANAGEMENT,1985-08-26,BROOKLYN
2120,OFFICE OF EMERGENCY MANAGEMENT,2005-07-03,BROOKLYN
2120,OFFICE OF EMERGENCY MANAGEMENT,2018-10-22,BROOKLYN
2120,OFFICE OF EMERGENCY MANAGEMENT,1989-01-29,BROOKLYN
2120,OFFICE OF EMERGENCY MANAGEMENT,2010-03-08,BROOKLYN
2120,OFFICE OF EMERGENCY MANAGEMENT,2012-09-24,BROOKLYN
2120,OFFICE OF EMERGENCY MANAGEMENT,2015-09-21,BROOKLYN
2120,OFFICE OF EMERGENCY MANAGEMENT,2004-03-22,BROOKLYN
2120,OFFICE OF EMERGENCY MANAGEMENT,2000-09-05,BROOKLYN
2120,OFFICE OF EMERGENCY MANAGEMENT,2013-02-19,BROOKLYN
2120,OFFICE OF EMERGENCY MANAGEMENT,2001-10-11,BROOKLYN
2120,OFFICE OF EMERGENCY MANAGEMENT,1980-01-09,BROOKLYN
2120,OFFICE OF EMERGENCY MANAGEMENT,2009-06-22,BROOKLYN
2120,OFFICE OF EMERGENCY MANAGEMENT,2002-01-15,BROOKLYN
2120,OFFICE OF EMERGENCY MANAGEMENT,2018-10-29,BROOKLYN
2120,OFFICE OF EMERGENCY MANAGEMENT,1983-06-01,BROOKLYN
2120,OFFICE OF EMERGENCY MANAGEMENT,1994-01-16,BROOKLYN
2120,OFFICE OF EMERGENCY MANAGEMENT,2010-09-12,BROOKLYN
2120,OFFICE OF EMERGENCY MANAGEMENT,2005-02-22,BROOKLYN
2120,OFFICE OF EMERGENCY MANAGEMENT,1996-10-16,BROOKLYN
2120,OFFICE OF EMERGENCY MANAGEMENT,2015-05-04,BROOKLYN
2120,OFFICE OF EMERGENCY MANAGEMENT,2018-07-02,BROOKLYN
2120,OFFICE OF EMERGENCY MANAGEMENT,1984-09-17,BROOKLYN
2120,OFFICE OF EMERGENCY MANAGEMENT,2002-10-23,BROOKLYN
2120,OFFICE OF EMERGENCY MANAGEMENT,2015-09-14,BROOKLYN
2120,OFFICE OF EMERGENCY MANAGEMENT,2008-02-19,BROOKLYN
2120,OFFICE OF EMERGENCY MANAGEMENT,2017-08-14,BROOKLYN
2120,OFFICE OF EMERGENCY MANAGEMENT,1992-07-05,BROOKLYN
2122,OFFICE OF MANAGEMENT & BUDGET,2013-06-03,MANHATTAN
2122,OFFICE OF MANAGEMENT & BUDGET,2005-01-20,MANHATTAN
2122,OFFICE OF MANAGEMENT & BUDGET,2003-04-14,MANHATTAN
2122,OFFICE OF MANAGEMENT & BUDGET,2006-07-24,MANHATTAN
2122,OFFICE OF MANAGEMENT & BUDGET,1999-08-08,MANHATTAN
2122,OFFICE OF MANAGEMENT & BUDGET,1995-07-09,MANHATTAN
2122,OFFICE OF MANAGEMENT & BUDGET,2008-06-02,MANHATTAN
2122,OFFICE OF MANAGEMENT & BUDGET,2000-06-01,MANHATTAN
2122,OFFICE OF MANAGEMENT & BUDGET,2004-03-04,MANHATTAN
2122,OFFICE OF MANAGEMENT & BUDGET,2016-05-31,MANHATTAN
2122,OFFICE OF MANAGEMENT & BUDGET,1990-08-19,MANHATTAN
2122,OFFICE OF MANAGEMENT & BUDGET,1998-06-30,MANHATTAN
2122,OFFICE OF MANAGEMENT & BUDGET,2018-02-12,MANHATTAN
